{"cameraMode":{"drawMode":0,"name":"Shaded","section":"Shading Mode"},"sceneLighting":true,"audioPlay":false,"sceneViewState":{"showFog":true,"showMaterialUpdate":false,"showSkybox":true,"showFlares":true,"showImageEffects":true,"showParticleSystems":true},"in2DMode":false,"pivot":{"x":125.57727813720703,"y":19.688720703125,"z":-84.42587280273438},"rotation":{"x":-0.030478958040475847,"y":0.9302704334259033,"z":-0.3568737804889679,"w":-0.07945050299167633},"size":125.54707336425781,"orthographic":false}